,average_price,negative_hours,solar_capture_rate,battery_profit
Italy (North),115.9,,82.0,51.0
Ireland,114.3,58.0,,98.0
Hungary,108.5,281.0,58.0,147.0
Romania,108.2,196.0,60.0,149.0
Bulgaria,106.9,170.0,,152.0
Croatia,105.4,257.0,,129.0
Slovenia,104.6,268.0,,124.0
Poland,104.3,310.0,65.0,123.0
Greece,103.6,115.0,58.0,151.0
Slovakia,102.7,299.0,,127.0
Switzerland,101.7,303.0,,70.0
Austria,98.9,378.0,50.0,108.0
Czechia,96.8,322.0,57.0,116.0
Germany,89.3,573.0,52.0,116.0
Netherlands,86.8,584.0,,116.0
Latvia,85.7,164.0,,154.0
Lithuania,85.3,180.0,,154.0
Belgium,82.6,519.0,51.0,105.0
Denmark (West),81.1,441.0,64.0,108.0
Estonia,80.4,201.0,,156.0
Portugal,66.2,200.0,53.0,94.0
Spain,65.3,555.0,55.0,98.0
France,61.1,509.0,59.0,86.0
Norway (Oslo),58.4,57.0,,49.0
Sweden (South),46.2,345.0,,75.0
Finland,40.5,459.0,89.0,83.0
